{
  "id": "2778541",
  "name": "neteaseMusic",
  "font_family": "iconfont",
  "css_prefix_text": "icon-",
  "description": "",
  "glyphs": [
    {
      "icon_id": "7643",
      "name": "播放",
      "font_class": "bofang",
      "unicode": "e600",
      "unicode_decimal": 58880
    },
    {
      "icon_id": "1110886",
      "name": "垃圾桶",
      "font_class": "lajitong",
      "unicode": "e615",
      "unicode_decimal": 58901
    },
    {
      "icon_id": "1132491",
      "name": "左箭头",
      "font_class": "zuojiantou",
      "unicode": "e647",
      "unicode_decimal": 58951
    },
    {
      "icon_id": "1660744",
      "name": "右三角",
      "font_class": "yousanjiao",
      "unicode": "e629",
      "unicode_decimal": 58921
    },
    {
      "icon_id": "4406931",
      "name": "点赞",
      "font_class": "dianzan",
      "unicode": "e609",
      "unicode_decimal": 58889
    },
    {
      "icon_id": "6322730",
      "name": "首页",
      "font_class": "shouye",
      "unicode": "e624",
      "unicode_decimal": 58916
    },
    {
      "icon_id": "9673157",
      "name": "关  闭",
      "font_class": "guanbi",
      "unicode": "e607",
      "unicode_decimal": 58887
    },
    {
      "icon_id": "11463945",
      "name": "暂停",
      "font_class": "zanting",
      "unicode": "e604",
      "unicode_decimal": 58884
    },
    {
      "icon_id": "17722007",
      "name": "分享",
      "font_class": "fenxiang",
      "unicode": "e601",
      "unicode_decimal": 58881
    },
    {
      "icon_id": "18643947",
      "name": "放大镜",
      "font_class": "fangdajing",
      "unicode": "e612",
      "unicode_decimal": 58898
    }
  ]
}
